oxycon,Ta,dens,injP,orifDiam,liftoff
21.0,953.7,7.25,141.1,0.18,48.23
21.0,1003.3,7.26,138.6,0.18,42.14
21.0,1052.3,7.27,140.1,0.18,32.21
21.0,1099.0,7.27,140.8,0.18,26.17
21.0,1202.0,7.27,140.5,0.18,19.77
21.0,799.8,14.81,139.1,0.18,65.2
21.0,851.3,14.81,142.0,0.18,41.02
21.0,902.5,14.8,139.6,0.18,31.24
21.0,951.9,14.79,141.2,0.18,24.65
21.0,1002.3,14.8,143.8,0.18,21.85
21.0,1100.1,14.8,144.8,0.18,15.92
21.0,1201.9,14.79,143.6,0.18,12.54
21.0,1301.1,14.8,141.2,0.18,9.17
21.0,802.1,29.99,146.2,0.18,29.84
21.0,852.3,29.94,147.7,0.18,21.28
21.0,901.3,29.98,148.7,0.18,17.07
21.0,950.8,29.99,146.2,0.18,13.93
21.0,998.8,30.04,149.6,0.18,12.2
21.0,1096.7,30.12,148.9,0.18,9.52
21.0,1193.6,30.05,150.0,0.18,7.01
21.0,1301.4,29.99,151.6,0.18,5.45
21.0,801.1,58.42,149.6,0.18,17.47
21.0,998.8,58.4,155.9,0.18,7.53
21.0,1205.1,58.23,160.3,0.18,3.98
21.0,1299.4,58.5,164.4,0.18,3.29
21.0,942.9,7.24,140.0,0.246,56.48
21.0,1001.5,7.24,141.1,0.246,40.94
21.0,1054.1,7.24,142.1,0.246,33.62
21.0,1102.6,7.25,141.7,0.246,28.49
21.0,1202.3,7.24,141.8,0.246,21.97
21.0,803.7,14.74,142.9,0.246,56.35
21.0,851.7,14.76,142.4,0.246,41.12
21.0,900.7,14.82,143.9,0.246,32.15
21.0,952.9,14.76,144.0,0.246,27.85
21.0,997.6,14.86,143.8,0.246,22.64
21.0,1105.3,14.76,143.4,0.246,18.63
21.0,1206.1,14.74,143.9,0.246,14.26
21.0,1305.5,14.75,141.4,0.246,10.15
21.0,807.1,29.98,147.3,0.246,29.81
21.0,856.0,29.98,148.5,0.246,22.32
21.0,906.1,30.0,149.2,0.246,18.66
21.0,958.7,29.95,147.7,0.246,16.23
21.0,1009.1,29.97,148.1,0.246,13.78
21.0,1107.9,30.08,148.6,0.246,10.7
21.0,1203.5,30.11,148.9,0.246,8.45
21.0,1303.9,29.93,149.4,0.246,5.71
21.0,802.5,14.78,140.3,0.363,57.94
21.0,901.1,14.8,141.8,0.363,36.04
21.0,1000.3,14.8,143.6,0.363,27.28
21.0,1100.5,14.82,145.9,0.363,21.57
21.0,1198.3,14.83,141.9,0.363,16.85
21.0,1301.2,14.81,145.1,0.363,13.34
21.0,1002.1,7.27,140.7,0.363,43.53
21.0,1000.8,29.98,147.0,0.363,15.79
21.0,1000.6,14.81,51.9,0.363,20.67
21.0,1002.6,14.79,191.3,0.363,27.66
21.0,1002.7,7.22,141.0,0.1,35.45
21.0,1051.2,7.26,140.8,0.1,26.87
21.0,1099.8,7.27,139.6,0.1,22.85
21.0,1200.1,7.26,139.9,0.1,16.78
21.0,1298.6,7.27,141.7,0.1,11.83
21.0,805.1,14.72,142.8,0.1,59.61
21.0,1102.6,14.79,143.1,0.1,12.53
21.0,1216.1,14.66,145.4,0.1,9.27
21.0,1299.8,14.81,146.6,0.1,7.21
21.0,802.4,29.94,147.5,0.1,28.08
21.0,854.5,29.87,148.2,0.1,18.31
21.0,954.3,29.89,149.1,0.1,11.82
21.0,1101.4,30.01,148.4,0.1,7.67
21.0,1197.3,30.09,149.1,0.1,5.71
21.0,1302.2,29.97,148.2,0.1,4.5
15.0,901.2,14.81,139.3,0.1,38.17
15.0,998.2,14.81,147.3,0.1,25.57
15.0,1099.1,14.8,144.8,0.1,17.14
15.0,1201.2,14.8,144.8,0.1,12.91
15.0,1302.5,14.79,142.9,0.1,9.49
15.0,1001.6,7.28,142.6,0.1,48.3
15.0,994.9,58.7,159.3,0.1,8.81
15.0,1000.4,7.27,142.2,0.18,52.74
15.0,1097.2,7.27,141.2,0.18,37.97
15.0,1201.4,7.27,142.3,0.18,26.88
15.0,1299.2,7.27,141.8,0.18,19.29
15.0,900.2,14.8,140.9,0.18,44.27
15.0,999.5,14.78,141.7,0.18,29.51
15.0,1100.2,14.8,141.8,0.18,22.99
15.0,1297.3,14.85,143.0,0.18,12.39
15.0,897.9,30.11,146.9,0.18,22.92
15.0,997.3,30.09,147.0,0.18,16.35
15.0,1098.6,30.09,147.4,0.18,12.83
15.0,897.1,58.69,155.0,0.18,13.71
15.0,995.6,58.72,155.7,0.18,10.66
15.0,1167.1,58.77,161.4,0.18,6.22
15.0,1283.6,58.89,164.6,0.18,4.43
17.0,1000.2,7.26,140.9,0.18,46.54
17.0,1096.7,7.27,140.4,0.18,33.84
17.0,1199.6,7.27,139.6,0.18,25.4
17.0,1299.1,7.27,140.6,0.18,19.55
17.0,850.7,14.79,139.8,0.18,48.68
17.0,900.5,14.8,140.1,0.18,39.06
17.0,1003.3,14.77,141.5,0.18,26.86
17.0,1101.7,14.79,140.6,0.18,20.69
17.0,1199.7,14.79,140.6,0.18,15.15
17.0,1299.8,14.8,140.4,0.18,12.11
17.0,802.9,29.94,146.5,0.18,36.79
17.0,897.2,30.12,147.3,0.18,21.83
17.0,1098.3,30.09,151.0,0.18,11.5
17.0,1199.0,30.05,150.6,0.18,7.91
17.0,1297.7,30.06,150.2,0.18,6.27
19.0,1003.7,7.26,141.0,0.18,41.19
19.0,1099.1,7.28,140.6,0.18,29.96
19.0,1199.8,7.27,140.4,0.18,22.68
19.0,1299.2,7.27,140.8,0.18,16.61
19.0,850.9,14.8,140.6,0.18,47.52
19.0,1002.9,14.78,142.3,0.18,24.41
19.0,1099.1,14.81,141.0,0.18,18.49
19.0,1200.6,14.8,141.7,0.18,13.56
19.0,1299.8,14.79,141.6,0.18,10.41
19.0,900.6,30.02,147.7,0.18,18.86
19.0,1000.3,30.04,149.3,0.18,14.27
19.0,1097.8,30.11,152.5,0.18,10.47
19.0,1201.3,30.01,152.6,0.18,7.91
19.0,1299.8,30.04,152.6,0.18,6.01
21.0,1003.4,14.76,188.8,0.18,23.1
21.0,1004.3,14.74,170.2,0.18,23.05
21.0,1003.5,14.74,115.2,0.18,20.68
21.0,1003.0,14.76,95.2,0.18,19.03
21.0,1002.5,14.76,65.0,0.18,17.36
21.0,1001.7,14.79,45.7,0.18,15.39
21.0,851.3,14.8,187.0,0.18,45.62
21.0,851.0,14.8,92.9,0.18,32.82
21.0,849.9,14.82,49.5,0.18,25.83
21.0,1000.8,29.97,195.7,0.18,12.57
21.0,999.1,30.03,97.4,0.18,10.29
21.0,1002.6,29.93,50.5,0.18,8.79
19.0,1002.4,14.78,188.0,0.18,26.47
19.0,1007.0,14.73,93.1,0.18,19.9
19.0,1004.3,14.76,45.0,0.18,17.8
17.0,1001.6,14.79,189.4,0.18,30.02
17.0,1000.6,14.8,93.9,0.18,24.33
17.0,1000.9,14.8,43.7,0.18,21.02
15.0,1000.5,14.79,190.3,0.18,31.89
15.0,1000.7,14.79,94.6,0.18,27.89
15.0,1000.0,14.8,43.7,0.18,22.52
21.0,1001.9,14.78,191.4,0.1,20.7
21.0,1000.3,14.8,96.0,0.1,16.25
21.0,998.2,14.83,64.5,0.1,13.57
21.0,998.4,14.83,45.3,0.1,12.3
21.0,1203.3,7.26,138.6,0.18,22.9
21.0,1053.1,7.26,138.7,0.18,34.5
21.0,954.5,7.26,138.4,0.18,53.32
21.0,1200.2,14.81,144.0,0.18,13.97
21.0,1002.5,14.81,143.7,0.18,23.97
21.0,902.2,14.81,138.7,0.18,33.58
21.0,851.2,14.81,140.7,0.18,42.3
21.0,801.6,14.8,138.3,0.18,62.85
21.0,1190.2,30.13,151.0,0.18,8.13
21.0,999.7,30.03,150.3,0.18,13.54
21.0,901.4,29.98,150.5,0.18,18.28
21.0,802.1,30.0,145.1,0.18,30.69
21.0,951.9,7.27,140.6,0.18,39.54
21.0,1003.0,7.26,139.5,0.18,34.06
21.0,1050.5,7.27,141.6,0.18,28.92
21.0,1100.9,7.28,141.0,0.18,25.69
21.0,1200.8,7.27,142.0,0.18,20.07
21.0,804.1,14.76,141.7,0.18,36.42
21.0,852.0,14.79,143.5,0.18,28.09
21.0,906.2,14.74,142.6,0.18,24.91
21.0,955.8,14.75,143.2,0.18,21.26
21.0,1003.5,14.79,144.4,0.18,18.32
21.0,1104.5,14.76,144.4,0.18,14.69
21.0,1203.0,14.77,143.9,0.18,11.68
21.0,1306.0,14.75,145.2,0.18,9.11
21.0,801.1,30.03,147.1,0.18,22.44
21.0,850.4,30.0,148.0,0.18,17.29
21.0,901.5,29.97,146.8,0.18,14.18
21.0,1001.1,30.0,145.6,0.18,10.82
21.0,1098.9,30.05,148.1,0.18,8.03
21.0,1192.4,30.04,148.6,0.18,6.76
15.0,853.2,14.79,145.2,0.18,41.92
15.0,903.9,14.78,144.4,0.18,35.21
15.0,1002.0,14.78,145.1,0.18,26.2
15.0,1100.0,14.78,144.7,0.18,20.77
15.0,1194.9,14.78,145.1,0.18,17.1
15.0,1292.6,14.82,144.9,0.18,12.85
15.0,972.5,24.26,146.3,0.18,19.32
21.0,952.1,7.31,141.2,0.18,46.82
21.0,1000.6,7.31,142.9,0.18,35.82
21.0,1051.1,7.31,141.6,0.18,29.26
21.0,1098.6,7.31,141.2,0.18,24.27
21.0,1202.0,7.31,141.1,0.18,15.88
21.0,800.0,14.8,141.5,0.18,77.96
21.0,851.5,14.8,144.0,0.18,49.67
21.0,901.5,14.79,142.3,0.18,35.34
21.0,950.8,14.81,144.4,0.18,27.65
21.0,1003.0,14.8,143.4,0.18,21.7
21.0,1100.5,14.79,142.0,0.18,15.29
21.0,1199.3,14.79,144.8,0.18,10.7
21.0,1299.7,14.8,144.3,0.18,8.24
21.0,1000.0,30.01,146.7,0.18,12.19
21.0,901.6,29.96,145.5,0.18,20.13
21.0,853.0,29.91,145.5,0.18,28.11
21.0,1096.6,30.02,147.0,0.18,7.94
21.0,1200.4,30.02,150.1,0.18,6.28
21.0,800.8,30.02,144.6,0.18,42.08
21.0,1061.1,18.79,71.2,0.18,10.96
21.0,972.3,24.26,100.1,0.18,15.56
15.0,853.4,14.79,143.1,0.18,61.92
15.0,903.9,14.79,142.4,0.18,45.02
15.0,1002.2,14.79,144.1,0.18,27.46
15.0,1101.3,14.8,143.2,0.18,18.9
15.0,1200.7,14.8,143.1,0.18,13.31
15.0,1301.6,14.8,144.0,0.18,9.9
15.0,1004.9,7.26,140.3,0.18,46.46
15.0,1000.0,30.02,146.6,0.18,15.83
15.0,972.4,24.27,148.4,0.18,21.19
21.0,952.4,7.29,142.0,0.18,79.7
21.0,1001.1,7.29,139.8,0.18,57.42
21.0,1051.8,7.26,141.0,0.18,42.15
21.0,1103.2,7.26,140.9,0.18,33.77
21.0,1198.4,7.27,141.4,0.18,21.15
21.0,800.7,14.8,142.6,0.18,66.64
21.0,901.4,14.8,142.0,0.18,43.15
21.0,952.8,14.78,144.7,0.18,34.02
21.0,1002.5,14.79,143.3,0.18,26.61
21.0,1100.4,14.8,142.8,0.18,19.18
21.0,1200.1,14.8,145.1,0.18,12.61
21.0,1301.5,14.79,144.9,0.18,9.66
21.0,801.3,29.98,142.7,0.18,28.54
21.0,850.1,30.01,146.8,0.18,23.39
21.0,901.3,29.96,147.6,0.18,18.71
21.0,999.5,30.0,146.5,0.18,13.7
21.0,1099.5,29.98,149.0,0.18,9.88
21.0,1201.7,29.95,148.7,0.18,7.51
21.0,1060.1,18.8,70.2,0.18,13.68
21.0,970.7,24.28,97.8,0.18,17.84
15.0,853.0,14.79,142.4,0.18,75.0
15.0,904.1,14.78,142.2,0.18,60.57
15.0,1001.9,14.79,145.7,0.18,37.59
15.0,1100.7,14.79,142.5,0.18,25.04
15.0,1200.7,14.79,144.3,0.18,17.75
15.0,1300.7,14.81,143.9,0.18,11.72
15.0,1001.8,7.26,142.0,0.18,79.0
15.0,1000.8,29.99,147.6,0.18,18.38
15.0,971.6,24.28,144.5,0.18,25.75
21.0,1198.1,7.27,140.5,0.18,20.51
21.0,1099.1,7.27,139.7,0.18,27.48
21.0,1050.7,7.27,140.4,0.18,37.71
21.0,999.4,7.27,140.1,0.18,52.3
21.0,950.1,7.27,140.4,0.18,67.47
21.0,1300.1,14.8,143.4,0.18,9.54
21.0,1198.8,14.8,142.7,0.18,13.31
21.0,1099.8,14.81,142.7,0.18,18.41
21.0,1001.8,14.8,142.5,0.18,24.68
21.0,953.3,14.78,142.6,0.18,32.75
21.0,849.3,14.81,142.2,0.18,66.04
21.0,799.5,14.82,142.7,0.18,91.76
21.0,1198.1,30.04,148.4,0.18,7.32
21.0,1099.4,30.03,148.3,0.18,10.06
21.0,998.4,30.03,147.0,0.18,13.51
21.0,899.3,30.02,148.9,0.18,24.66
21.0,849.8,30.02,147.1,0.18,30.84
21.0,800.4,30.03,146.4,0.18,49.14
21.0,1061.0,18.78,68.8,0.18,13.19
21.0,1099.7,18.8,143.3,0.18,15.31
15.0,1001.2,14.8,142.2,0.18,34.52
15.0,1099.8,14.8,142.5,0.18,23.57
15.0,1099.6,30.02,147.3,0.18,13.37
15.0,889.2,23.06,151.2,0.084,16.5
15.0,896.0,22.8,150.0,0.894,16.7
15.0,902.0,22.81,152.8,0.084,16.7
15.0,752.2,22.76,154.0,0.084,40.8
15.0,800.8,22.76,154.8,0.084,26.2
15.0,854.4,22.76,154.8,0.084,21.0
15.0,1009.4,22.71,153.5,0.084,12.2
15.0,1112.3,22.7,152.6,0.084,9.9
15.0,1207.3,22.74,153.6,0.084,7.6
15.0,993.9,22.85,148.7,0.091,17.4
15.0,897.0,22.75,152.3,0.0841,15.8
15.0,897.4,22.85,149.6,0.091,22.3
13.05,897.5,22.86,50.0,0.894,15.37
13.11,899.2,22.82,100.0,0.894,18.45
13.09,900.7,22.78,150.0,0.894,20.58
14.94,749.9,22.8,50.0,0.894,30.84
14.97,750.8,22.78,100.0,0.894,39.7
14.97,752.5,22.72,150.0,0.894,46.03
14.93,801.2,22.77,50.0,0.894,20.25
14.97,806.4,22.62,100.0,0.894,24.75
15.01,810.8,22.5,150.0,0.894,28.35
15.06,850.4,22.79,50.0,0.894,15.59
14.84,846.5,22.89,100.0,0.894,20.18
14.91,847.8,22.86,150.0,0.894,22.8
15.09,897.2,22.87,30.0,0.894,11.51
15.12,897.8,22.86,50.0,0.894,12.95
15.01,898.6,22.83,75.0,0.894,14.54
15.13,900.4,22.79,100.0,0.894,15.92
15.07,899.9,22.8,125.0,0.894,17.01
15.06,899.9,22.8,150.0,0.894,17.73
15.04,898.8,15.22,50.0,0.894,18.94
15.02,899.4,15.21,100.0,0.894,23.49
15.05,901.9,15.17,150.0,0.894,27.94
15.13,901.1,7.59,50.0,0.894,40.13
15.04,903.3,7.57,100.0,0.894,56.02
15.02,904.1,7.57,150.0,0.894,69.35
21.0,750.2,22.77,50.0,0.894,25.66
21.0,751.4,22.76,100.0,0.894,34.7
20.98,753.1,22.7,150.0,0.894,39.59
20.98,805.7,22.64,50.0,0.894,14.75
20.97,808.2,22.57,100.0,0.894,18.92
20.94,807.7,22.58,150.0,0.894,22.23
20.94,900.7,22.78,50.0,0.894,9.3
21.06,901.3,22.77,100.0,0.894,11.29
21.0,905.0,22.67,150.0,0.894,12.61
15.0,880.2,23.26,151.2,0.0886,17.9
15.0,899.3,7.62,139.6,0.091,59.4
15.0,1097.5,7.62,142.4,0.091,22.9
15.0,901.7,15.24,142.8,0.091,24.6
13.0,905.7,23.04,158.8,0.091,20.4
21.0,906.4,22.79,150.8,0.091,9.9
15.0,903.9,22.92,153.5,0.091,16.1
15.0,747.2,22.9,143.9,0.091,46.5
15.0,807.8,22.8,146.0,0.091,27.1
15.0,853.7,22.86,149.2,0.091,20.6
15.0,1002.9,22.85,145.8,0.091,11.5
15.0,1114.1,22.78,140.7,0.091,8.3
15.0,1201.6,22.85,142.8,0.091,6.4
15.002,930.0,21.8,150.0,0.0886,14.5
15.0,997.7,22.78,151.2,0.091,18.3
15.0,995.8,22.83,149.9,0.091,18.5
15.0,998.7,22.71,154.2,0.091,21.0
15.0,990.4,22.78,153.9,0.091,17.7
15.0,997.5,22.79,149.1,0.091,18.9
15.0,900.5,22.79,151.8,0.091,27.0
15.0,898.7,22.85,150.2,0.091,28.1
15.0,911.0,22.7,152.1,0.091,30.7
15.0,901.0,22.73,154.6,0.091,23.1
15.0,899.6,22.8,150.3,0.091,25.9
